{
  "controller/CreateTravelExpenseScreen.controller.js.map": 1758008503563,
  "manifest.json": 1757325696383,
  "controller/ReviewTravelRequestScreen.controller.js": 1757324974358,
  "controller/ReviewTravelExpensesScreen.controller.js": 1758004334080,
  "controller/CreateTravelExpenseScreen.controller.js": 1757598915007,
  "controller/App.controller.js": 1754996099973,
  "model/models.js": 1754996099973,
  "Component.js": 1754996099973,
  "Component-dbg.js": 1754996099973,
  "Component.js.map": 1758008503544,
  "controller/ReviewTravelExpensesScreen-dbg.controller.js": 1758004334080,
  "controller/ReviewTravelExpensesScreen.controller.js.map": 1758008503563,
  "controller/CreateTravelExpenseScreen-dbg.controller.js": 1757598915007,
  "i18n/i18n.properties": 1754996099973,
  "controller/App-dbg.controller.js": 1754996099973,
  "controller/App.controller.js.map": 1758008503542,
  "model/models-dbg.js": 1754996099973,
  "model/models.js.map": 1758008503545,
  "controller/ReviewTravelRequestScreen-dbg.controller.js": 1757324974358,
  "controller/ReviewTravelRequestScreen.controller.js.map": 1758008503553,
  "Component-preload.js": 1758008503706,
  "Component-preload.js.map": 1758008503706,
  "view/ReviewTravelRequestScreen.view.xml": 1757322054020,
  "view/ReviewTravelExpensesScreen.view.xml": 1757312479594,
  "view/CreateTravelExpenseScreen.view.xml": 1757485821587,
  "view/App.view.xml": 1754996099973,
  "img/Logo.png": 1757307279169,
  "css/style.css": 1757344522676,
  "index.html": 1754996099973
}