{
  "Component.js.map": 1757488056723,
  "controller/App.controller.js": 1754996099973,
  "controller/ReviewTravelRequestScreen.controller.js": 1757324974358,
  "controller/ReviewTravelExpensesScreen.controller.js": 1755761367181,
  "controller/CreateTravelExpenseScreen.controller.js": 1757487845166,
  "model/models.js": 1754996099973,
  "manifest.json": 1757325696383,
  "Component.js": 1754996099973,
  "controller/App-dbg.controller.js": 1754996099973,
  "controller/App.controller.js.map": 1757488056717,
  "controller/ReviewTravelRequestScreen-dbg.controller.js": 1757324974358,
  "controller/ReviewTravelRequestScreen.controller.js.map": 1757488056726,
  "controller/ReviewTravelExpensesScreen-dbg.controller.js": 1755761367181,
  "controller/ReviewTravelExpensesScreen.controller.js.map": 1757488056740,
  "controller/CreateTravelExpenseScreen-dbg.controller.js": 1757487845166,
  "controller/CreateTravelExpenseScreen.controller.js.map": 1757488056751,
  "model/models-dbg.js": 1754996099973,
  "model/models.js.map": 1757488056723,
  "Component-dbg.js": 1754996099973,
  "i18n/i18n.properties": 1754996099973,
  "Component-preload.js": 1757488057000,
  "Component-preload.js.map": 1757488057000,
  "view/ReviewTravelRequestScreen.view.xml": 1757322054020,
  "view/ReviewTravelExpensesScreen.view.xml": 1757312479594,
  "view/CreateTravelExpenseScreen.view.xml": 1757485821587,
  "view/App.view.xml": 1754996099973,
  "img/Logo.png": 1757307279169,
  "css/style.css": 1757344522676,
  "index.html": 1754996099973
}