{
  "view/CreateTravelExpenseScreen.view.xml": 1755760051919,
  "controller/CreateTravelExpenseScreen.controller.js": 1755160041307,
  "controller/ReviewTravelRequestScreen.controller.js": 1756101774127,
  "controller/ReviewTravelExpensesScreen.controller.js": 1755761367181,
  "model/models.js": 1754996099973,
  "controller/App.controller.js": 1754996099973,
  "manifest.json": 1754996099973,
  "Component.js": 1754996099973,
  "Component-dbg.js": 1754996099973,
  "Component.js.map": 1756115036330,
  "controller/ReviewTravelRequestScreen-dbg.controller.js": 1756101774127,
  "controller/ReviewTravelRequestScreen.controller.js.map": 1756115036336,
  "controller/ReviewTravelExpensesScreen-dbg.controller.js": 1755761367181,
  "controller/ReviewTravelExpensesScreen.controller.js.map": 1756115036361,
  "model/models-dbg.js": 1754996099973,
  "model/models.js.map": 1756115036331,
  "controller/App-dbg.controller.js": 1754996099973,
  "controller/App.controller.js.map": 1756115036331,
  "controller/CreateTravelExpenseScreen-dbg.controller.js": 1755160041307,
  "controller/CreateTravelExpenseScreen.controller.js.map": 1756115036354,
  "Component-preload.js": 1756115036457,
  "Component-preload.js.map": 1756115036457,
  "view/ReviewTravelRequestScreen.view.xml": 1755759099192,
  "view/ReviewTravelExpensesScreen.view.xml": 1754996099973,
  "i18n/i18n.properties": 1754996099973,
  "view/App.view.xml": 1754996099973,
  "css/style.css": 1754996099973,
  "index.html": 1754996099973
}