{
  "i18n/i18n.properties": 1754996099973,
  "controller/CreateTravelExpenseScreen.controller.js": 1755160041307,
  "controller/ReviewTravelRequestScreen.controller.js": 1756101774127,
  "controller/ReviewTravelExpensesScreen.controller.js": 1755761367181,
  "model/models.js": 1754996099973,
  "controller/App.controller.js": 1754996099973,
  "manifest.json": 1754996099973,
  "Component.js": 1754996099973,
  "controller/ReviewTravelRequestScreen-dbg.controller.js": 1756101774127,
  "controller/ReviewTravelRequestScreen.controller.js.map": 1757306625104,
  "controller/CreateTravelExpenseScreen-dbg.controller.js": 1755160041307,
  "controller/CreateTravelExpenseScreen.controller.js.map": 1757306625115,
  "controller/ReviewTravelExpensesScreen-dbg.controller.js": 1755761367181,
  "controller/ReviewTravelExpensesScreen.controller.js.map": 1757306625117,
  "model/models-dbg.js": 1754996099973,
  "model/models.js.map": 1757306625098,
  "controller/App-dbg.controller.js": 1754996099973,
  "controller/App.controller.js.map": 1757306625100,
  "Component-dbg.js": 1754996099973,
  "Component.js.map": 1757306625103,
  "Component-preload.js": 1757306625373,
  "Component-preload.js.map": 1757306625373,
  "view/ReviewTravelRequestScreen.view.xml": 1755759099192,
  "view/ReviewTravelExpensesScreen.view.xml": 1757305936662,
  "view/CreateTravelExpenseScreen.view.xml": 1757306554535,
  "view/App.view.xml": 1754996099973,
  "css/style.css": 1757306079836,
  "index.html": 1754996099973
}