{
  "controller/CreateTravelExpenseScreen.controller.js": 1755160041307,
  "Component.js": 1754996099973,
  "controller/ReviewTravelRequestScreen.controller.js": 1754996099973,
  "controller/ReviewTravelExpensesScreen.controller.js": 1755160453823,
  "i18n/i18n.properties": 1754996099973,
  "controller/App.controller.js": 1754996099973,
  "manifest.json": 1754996099973,
  "model/models.js": 1754996099973,
  "controller/ReviewTravelRequestScreen-dbg.controller.js": 1754996099973,
  "controller/ReviewTravelRequestScreen.controller.js.map": 1755160748987,
  "Component-dbg.js": 1754996099973,
  "Component.js.map": 1755160748987,
  "controller/ReviewTravelExpensesScreen-dbg.controller.js": 1755160453823,
  "controller/ReviewTravelExpensesScreen.controller.js.map": 1755160749009,
  "controller/CreateTravelExpenseScreen-dbg.controller.js": 1755160041307,
  "controller/CreateTravelExpenseScreen.controller.js.map": 1755160749012,
  "controller/App-dbg.controller.js": 1754996099973,
  "controller/App.controller.js.map": 1755160748989,
  "model/models-dbg.js": 1754996099973,
  "model/models.js.map": 1755160748990,
  "Component-preload.js": 1755160749121,
  "Component-preload.js.map": 1755160749121,
  "view/ReviewTravelRequestScreen.view.xml": 1754996099973,
  "view/ReviewTravelExpensesScreen.view.xml": 1754996099973,
  "view/CreateTravelExpenseScreen.view.xml": 1754996099973,
  "view/App.view.xml": 1754996099973,
  "css/style.css": 1754996099973,
  "index.html": 1754996099973
}